Isolate_Name,Isolate_Id,Subtype,Clade,percent.id,Host,Host_Gender,Host_Age_Y,Continent,Country,Region,Collection_Year,Submitting_Lab,Submission_Date,Adamantanes_Resistance_geno,Oseltamivir_Resistance_geno,Zanamivir_Resistance_geno,Peramivir_Resistance_geno,Other_Resistance_geno,Adamantanes_Resistance_pheno,Oseltamivir_Resistance_pheno,Zanamivir_Resistance_pheno,Peramivir_Resistance_pheno,Other_Resistance_pheno
A/swine/South_Dakota/A02245350/2019,EPI_ISL_505940,A / H3N2,No_Match,0.641221374,Swine,"NA",NA,North America , United States , South Dakota,2019,NA,2020-01-13,Unknown,Unknown,Unknown,Unknown,Unknown,Unknown,Unknown,Unknown,Unknown,Unknown
A/swine/Minnesota/A02245351/2019,EPI_ISL_505938,A / H3N2,No_Match,0.778625954,Swine,"NA",NA,North America , United States , Minnesota,2019,NA,2020-01-13,Unknown,Unknown,Unknown,Unknown,Unknown,Unknown,Unknown,Unknown,Unknown,Unknown
A/swine/North_Carolina/A02478865/2019,EPI_ISL_505915,A / H3N2,No_Match,0.786259542,Swine,"NA",NA,North America , United States , North Carolina,2019,NA,2020-01-13,Unknown,Unknown,Unknown,Unknown,Unknown,Unknown,Unknown,Unknown,Unknown,Unknown
A/swine/Iowa/A02479185/2020,EPI_ISL_502566,A / H3N2,No_Match,0.664122137,Swine,"NA",NA,North America , United States , Iowa,2020,NA,2020-04-27,Unknown,Unknown,Unknown,Unknown,Unknown,Unknown,Unknown,Unknown,Unknown,Unknown
A/swine/Spain/090/2018,EPI_ISL_499123,A / H3N2,No_Match,0.717557252,Swine,"NA",NA,Europe , Spain,NA,2018,NA,2020-01-13,Unknown,Unknown,Unknown,Unknown,Unknown,Unknown,Unknown,Unknown,Unknown,Unknown
A/Luxembourg/LNS9440568/2020,EPI_ISL_487158,A / H3N2,No_Match,0.908396947,Human,Male,8,Europe , Luxembourg,NA,2020,Laboratoire National de Santé,2020-07-13,Unknown,Unknown,Unknown,Unknown,Unknown,Unknown,Unknown,Unknown,Unknown,Unknown
A/England/190480558/2019,EPI_ISL_513958,A / H3N2,3C.2a1_+_N121K_+_K92R_+_H311Q,0.908396947,Human,Other,NA,Europe , United Kingdom , LEICESTER,2019,"Microbiology Services Colindale, Public Health England",2020-08-14,Unknown,Unknown,Unknown,Unknown,Unknown,Unknown,Unknown,Unknown,Unknown,Unknown
A/Finland/181/2020,EPI_ISL_486700,A / H3N2,3C.3a,0.916030534,Human,Female,84,Europe , Finland,NA,2020,Crick Worldwide Influenza Centre,2020-07-10,Unknown,Unknown,Unknown,Unknown,Unknown,Unknown,Unknown,Unknown,Unknown,Unknown
A/Switzerland/6206/2020,EPI_ISL_486766,A / H3N2,No_Match,0.870229008,Human,Male,54,Europe , Switzerland,NA,2020,Crick Worldwide Influenza Centre,2020-07-10,Unknown,Unknown,Unknown,Unknown,Unknown,Unknown,Unknown,Unknown,Unknown,Unknown
A/Bosnia_and_Herzegovina/211/2020,EPI_ISL_498294,A / H3N2,3C.2a1_+_N121K_+_K92R_+_H311Q,0.900763359,Human,Female,NA,Europe , Bosnia and Herzegovina,NA,2020,Crick Worldwide Influenza Centre,2020-07-27,Unknown,Unknown,Unknown,Unknown,Unknown,Unknown,Unknown,Unknown,Unknown,Unknown
A/Beirut/331/2020,EPI_ISL_498293,A / H3N2,3C.2a1_+_N121K_+_K92R_+_H311Q,0.870229008,Human,Other,23,Asia , Lebanon,NA,2020,Crick Worldwide Influenza Centre,2020-07-27,Unknown,Unknown,Unknown,Unknown,Unknown,Unknown,Unknown,Unknown,Unknown,Unknown
A/Lyon/1826/2020,EPI_ISL_498357,A / H3N2,3C.2a1_+_N121K_+_K92R_+_H311Q,0.870229008,Human,Female,4,Europe , France,NA,2020,Crick Worldwide Influenza Centre,2020-07-27,Unknown,Unknown,Unknown,Unknown,Unknown,Unknown,Unknown,Unknown,Unknown,Unknown
A/Berlin/29/2020,EPI_ISL_482811,A / H3N2,3C.3a,0.908396947,Human,Female,11,Europe , Germany,NA,2020,Robert Koch Institute Nationales Referenzzentrum für Influenza,2020-07-06,Unknown,Unknown,Unknown,Unknown,Unknown,Unknown,Unknown,Unknown,Unknown,Unknown
A/India/Pun-1922052/2019,EPI_ISL_506028,A / H3N2,3C.2a1_+_N121K_+_K92R_+_H311Q,0.900763359,Human,"NA",NA,Asia , India,NA,2019,NA,2020-01-17,Unknown,Unknown,Unknown,Unknown,Unknown,Unknown,Unknown,Unknown,Unknown,Unknown
A/India/Pun-1923665/2019,EPI_ISL_506017,A / H3N2,3C.2a1_+_N121K_+_K92R_+_H311Q,0.900763359,Human,"NA",NA,Asia , India,NA,2019,NA,2020-01-17,Unknown,Unknown,Unknown,Unknown,Unknown,Unknown,Unknown,Unknown,Unknown,Unknown
A/Wuhan/345/2019,EPI_ISL_505458,A / H3N2,3C.2a1_+_N121K_+_K92R_+_H311Q,0.916030534,Human,"NA",NA,Asia , China,NA,2019,NA,2019-10-22,Unknown,Unknown,Unknown,Unknown,Unknown,Unknown,Unknown,Unknown,Unknown,Unknown
A/Beijing/PUMCH22/2017,EPI_ISL_505051,A / H3N2,3C.2a1_+_N121K_+_K92R_+_H311Q,0.908396947,Human,"NA",NA,Asia , China,NA,2017,NA,2018-01-05,Unknown,Unknown,Unknown,Unknown,Unknown,Unknown,Unknown,Unknown,Unknown,Unknown
A/Beijing/PUMCH05/2017,EPI_ISL_505049,A / H3N2,3C.2a1_+_N121K_+_K92R_+_H311Q,0.908396947,Human,"NA",NA,Asia , China,NA,2017,NA,2018-01-05,Unknown,Unknown,Unknown,Unknown,Unknown,Unknown,Unknown,Unknown,Unknown,Unknown
A/Chile/JM-R6138/2001,EPI_ISL_503101,A / H3N2,No_Match,0.809160305,Human,"NA",NA,South America , Chile,NA,2001,NA,2019-06-11,Unknown,Unknown,Unknown,Unknown,Unknown,Unknown,Unknown,Unknown,Unknown,Unknown
A/Santiago/p004d1/2017,EPI_ISL_503075,A / H3N2,3C.2a1_+_R142G,0.954198473,Human,"NA",NA,South America , Chile,NA,2017,NA,2019-06-11,Unknown,Unknown,Unknown,Unknown,Unknown,Unknown,Unknown,Unknown,Unknown,Unknown
A/Arizona/9775/2019,EPI_ISL_502005,A / H3N2,3C.3a,0.900763359,Human,Male,NA,North America , United States , Arizona,2019,NA,2020-06-18,Unknown,Unknown,Unknown,Unknown,Unknown,Unknown,Unknown,Unknown,Unknown,Unknown
A/Washington/9306/2019,EPI_ISL_501997,A / H3N2,3C.2a1_+_N121K_+_K92R_+_H311Q,0.908396947,Human,Male,NA,North America , United States , Washington,2019,NA,2020-06-18,Unknown,Unknown,Unknown,Unknown,Unknown,Unknown,Unknown,Unknown,Unknown,Unknown
A/Spain/9287/2019,EPI_ISL_501981,A / H3N2,3C.3a,0.916030534,Human,Female,NA,Europe , Spain,NA,2019,NA,2020-06-18,Unknown,Unknown,Unknown,Unknown,Unknown,Unknown,Unknown,Unknown,Unknown,Unknown
A/South_Korea/9286/2019,EPI_ISL_501980,A / H3N2,No_Match,0.900763359,Human,Female,NA,Asia ," Korea, Republic of",NA,2019,NA,2020-06-18,Unknown,Unknown,Unknown,Unknown,Unknown,Unknown,Unknown,Unknown,Unknown,Unknown
A/Germany/9209/2019,EPI_ISL_501931,A / H3N2,3C.3a,0.916030534,Human,Female,NA,Europe , Germany,NA,2019,NA,2020-06-18,Unknown,Unknown,Unknown,Unknown,Unknown,Unknown,Unknown,Unknown,Unknown,Unknown
A/New_York/9251/2019,EPI_ISL_501873,A / H3N2,3C.3a,0.900763359,Human,Male,NA,North America , United States , New York,2019,NA,2020-06-18,Unknown,Unknown,Unknown,Unknown,Unknown,Unknown,Unknown,Unknown,Unknown,Unknown
A/Italy/9229/2019,EPI_ISL_501862,A / H3N2,3C.2a1_+_N121K_+_K92R_+_H311Q,0.900763359,Human,Female,NA,Europe , Italy,NA,2019,NA,2020-06-18,Unknown,Unknown,Unknown,Unknown,Unknown,Unknown,Unknown,Unknown,Unknown,Unknown
A/China/31/2017,EPI_ISL_501539,A / H3N2,3C.2a_+_N121K_+_S144K,0.93129771,Human,"NA",NA,Asia , China,NA,2017,NA,2019-06-25,Unknown,Unknown,Unknown,Unknown,Unknown,Unknown,Unknown,Unknown,Unknown,Unknown
A/China/21/2017,EPI_ISL_501529,A / H3N2,3C.2a_+_N121K_+_S144K,0.93129771,Human,"NA",NA,Asia , China,NA,2017,NA,2019-06-25,Unknown,Unknown,Unknown,Unknown,Unknown,Unknown,Unknown,Unknown,Unknown,Unknown
A/Malaysia/RP0701/2019,EPI_ISL_514718,A / H3N2,3C.2a1_+_N121K_+_K92R_+_H311Q,0.870229008,Human,"NA",NA,Asia , Malaysia,NA,2019,WHO Collaborating Centre for Reference and Research on Influenza,2020-08-18,Resistant,Unknown,Unknown,Unknown,Unknown,Unknown,Sensitive,Sensitive,Sensitive,Sensitive
A/South_Africa/9178/2019,EPI_ISL_510011,A / H3N2,No_Match,0.893129771,Human,Female,2,Africa , South Africa , Province of the Western Cape,2019,WHO Collaborating Centre for Reference and Research on Influenza,2020-08-06,Resistant,Unknown,Unknown,Unknown,Unknown,Unknown,Sensitive,Sensitive,Sensitive,Sensitive
A/Singapore/KK0001/2020,EPI_ISL_514710,A / H3N2,3C.2a1_+_N121K_+_K92R_+_H311Q,0.877862595,Human,Male,NA,Asia , Singapore,NA,2020,WHO Collaborating Centre for Reference and Research on Influenza,2020-08-18,Resistant,Unknown,Unknown,Unknown,Unknown,Unknown,Unknown,Unknown,Unknown,Unknown
A/Yokohama/68/2020,EPI_ISL_517685,A / H3N2,3C.2a1_+_N121K_+_K92R_+_H311Q,0.870229008,Human,Other,NA,Asia , Japan,NA,2020,Centers for Disease Control and Prevention,2020-08-24,Unknown,Unknown,Unknown,Unknown,Unknown,Unknown,Unknown,Unknown,Unknown,Unknown
A/Perth/20/2020,EPI_ISL_517769,A / H3N2,3C.2a1_+_N121K_+_K92R_+_H311Q,0.870229008,Human,"NA",2,Oceania , Australia,NA,2020,Centers for Disease Control and Prevention,2020-08-24,Unknown,Unknown,Unknown,Unknown,Unknown,Unknown,Unknown,Unknown,Unknown,Unknown
A/Haiti/394/2019,EPI_ISL_517678,A / H3N2,3C.2a1_+_N121K_+_K92R_+_H311Q,0.900763359,Human,Female,24,North America , Haiti,NA,2019,Centers for Disease Control and Prevention,2020-08-24,Unknown,Unknown,Unknown,Unknown,Unknown,Unknown,Unknown,Unknown,Unknown,Unknown
A/Hawaii/28/2020,EPI_ISL_513639,A / H3N2,No_Match,0.65648855,Human,Male,16,North America , United States , Hawaii,2020,Centers for Disease Control and Prevention,2020-08-13,Unknown,Unknown,Unknown,Unknown,Unknown,Unknown,Unknown,Unknown,Unknown,Unknown
A/Virginia/03/2020,EPI_ISL_517765,A / H3N2,3C.2a1_+_N121K_+_K92R_+_H311Q,0.870229008,Human,Male,94,North America , United States , Virginia,2020,Centers for Disease Control and Prevention,2020-08-24,Unknown,Unknown,Unknown,Unknown,Unknown,Unknown,Unknown,Unknown,Unknown,Unknown
A/Macedonia/364/2020,EPI_ISL_512113,A / H3N2,3C.3a,0.916030534,Human,Male,35,Europe ," Macedonia, the former Yogoslav Republic of",NA,2020,Centers for Disease Control and Prevention,2020-08-10,Unknown,Unknown,Unknown,Unknown,Unknown,Unknown,Unknown,Unknown,Unknown,Unknown
A/Niger/7221/2019,EPI_ISL_491823,A / H3N2,3C.2a1_+_N121K_+_K92R_+_H311Q,0.870229008,Human,Female,2,Africa , Niger,NA,2019,Centers for Disease Control and Prevention,2020-07-17,Unknown,Unknown,Unknown,Unknown,Unknown,Unknown,Unknown,Unknown,Unknown,Unknown
A/Bretagne/963/2020,EPI_ISL_515536,A / H3N2,No_Match,0.885496183,Human,Male,50,Europe , France , Bretagne,2020,Institut Pasteur,2020-08-19,Unknown,Unknown,Unknown,Unknown,Unknown,Unknown,Unknown,Unknown,Unknown,Unknown
A/mallard/South_Korea/N12-036/2012,EPI_ISL_506155,A / H3N2,No_Match,0.519083969,Mallard,"NA",NA,Asia ," Korea, Republic of",NA,2012,NA,2019-10-02,Unknown,Unknown,Unknown,Unknown,Unknown,Unknown,Unknown,Unknown,Unknown,Unknown
